business_status,formatted_address,geometry,icon,icon_background_color,icon_mask_base_uri,name,opening_hours,photos,place_id,plus_code,rating,reference,types,user_ratings_total,state,city
OPERATIONAL,"215 S Depeyster St, Kent, OH 44240, United States","{'location': {'lat': 41.152459, 'lng': -81.35602860000002}, 'viewport': {'northeast': {'lat': 41.15381422989272, 'lng': -81.35486432010728}, 'southwest': {'lat': 41.15111457010727, 'lng': -81.35756397989273}}}",https://maps.gstatic.com/mapfiles/place_api/icons/v1/png_71/lodging-71.png,#909CE1,https://maps.gstatic.com/mapfiles/place_api/icons/v2/hotel_pinlet,Kent State University Hotel & Conference Center,{'open_now': True},"[{'height': 1000, 'html_attributions': ['<a href=""https://maps.google.com/maps/contrib/116895444967103683135"">A Google User</a>'], 'photo_reference': 'ATJ83zjfUPfolE1-TKBmVjlRCxFj9BPpaanwnN2jPY_g0bXqJyTbD22ShXZmLsKroARmfbbdEi1T7jpOPtP7pOACY5tZ1Qz-a7mHOwcp8uBWsRqkNwhgLaaQi-tThyCCjDvJAiSuHiMuaZEuHFTQ1t-tlT2Ix3s37qSf5UqUmC_ef5tPhkXO', 'width': 1500}]",ChIJq4w7syYlMYgRG0mhD2AvutE,"{'compound_code': '5J2V+XH Kent, Ohio, USA', 'global_code': '86HW5J2V+XH'}",4.5,ChIJq4w7syYlMYgRG0mhD2AvutE,"['bar', 'lodging', 'restaurant', 'food', 'point_of_interest', 'establishment']",1041,215 S Depeyster St," Kent, OH 44240, United States"
OPERATIONAL,"4406 OH-43, Kent, OH 44240, United States","{'location': {'lat': 41.1092334, 'lng': -81.3468075}, 'viewport': {'northeast': {'lat': 41.11050297989272, 'lng': -81.34512357010729}, 'southwest': {'lat': 41.10780332010728, 'lng': -81.34782322989273}}}",https://maps.gstatic.com/mapfiles/place_api/icons/v1/png_71/lodging-71.png,#909CE1,https://maps.gstatic.com/mapfiles/place_api/icons/v2/hotel_pinlet,Hampton Inn Kent/Akron Area,,"[{'height': 1365, 'html_attributions': ['<a href=""https://maps.google.com/maps/contrib/106611609758787248638"">Hampton Inn Kent/Akron Area</a>'], 'photo_reference': 'ATJ83zgqeGEWjbMm7zc-v0ItLhqfE4qBW3Kz3QhxmhzwcTbccM36mxyLk6C_sBBx8hZjcZr_855K4nl9dSzHBr_1WUZ8OimFh6vQtIMjr9GKOVs6ko1eqbCNLPaKlJ7gdSPpY7MZaZ12IUGoWk96brUWHgCsyXeZ5AiSww6A-4JfKgtMRvNj', 'width': 2048}]",ChIJsbDpl_svMYgRlzWhQLad2wg,"{'compound_code': '4M53+M7 Kent, Ohio, USA', 'global_code': '86HW4M53+M7'}",3.9,ChIJsbDpl_svMYgRlzWhQLad2wg,"['lodging', 'point_of_interest', 'establishment']",576,4406 OH-43," Kent, OH 44240, United States"
OPERATIONAL,"1215 Sanctuary View Dr, Kent, OH 44240, United States","{'location': {'lat': 41.11150689999999, 'lng': -81.34960769999999}, 'viewport': {'northeast': {'lat': 41.11279902989271, 'lng': -81.34808162010728}, 'southwest': {'lat': 41.11009937010727, 'lng': -81.35078127989271}}}",https://maps.gstatic.com/mapfiles/place_api/icons/v1/png_71/lodging-71.png,#909CE1,https://maps.gstatic.com/mapfiles/place_api/icons/v2/hotel_pinlet,"Holiday Inn Express & Suites Kent - University Area, an IHG Hotel",,"[{'height': 1536, 'html_attributions': ['<a href=""https://maps.google.com/maps/contrib/100227317368313229718"">Holiday Inn Express &amp; Suites Kent State University</a>'], 'photo_reference': 'ATJ83zgij692OEptaUVWW8-Jnb-8rsPlpPhxOpuDBImgTxr_YRWc22Lr73JHVYoopieK-IMzqvd62XMAYXJehoAqFG9F3QPSx_jq6PP3ZcEtNG_Nrk6uFpg-oo7YKCRbaf3o8jgHKBhNEicwXlsX47jCHfKbovNdlwZ2_FwVmeAH6gR_e7M', 'width': 2048}]",ChIJCWhBG_ovMYgRpDRlPiDh3bA,"{'compound_code': '4M62+J5 Kent, Ohio, USA', 'global_code': '86HW4M62+J5'}",4.5,ChIJCWhBG_ovMYgRpDRlPiDh3bA,"['lodging', 'point_of_interest', 'establishment']",413,1215 Sanctuary View Dr," Kent, OH 44240, United States"
OPERATIONAL,"4422 Edson Rd, Kent, OH 44240, United States","{'location': {'lat': 41.1094954, 'lng': -81.345019}, 'viewport': {'northeast': {'lat': 41.11084462989272, 'lng': -81.34367107010728}, 'southwest': {'lat': 41.10814497010728, 'lng': -81.34637072989273}}}",https://maps.gstatic.com/mapfiles/place_api/icons/v1/png_71/lodging-71.png,#909CE1,https://maps.gstatic.com/mapfiles/place_api/icons/v2/hotel_pinlet,Days Inn by Wyndham Kent - Akron,{'open_now': True},"[{'height': 400, 'html_attributions': ['<a href=""https://maps.google.com/maps/contrib/108398474551239990100"">Days Inn Kent - Akron</a>'], 'photo_reference': 'ATJ83zgGpAmTYUcZnlwlN7A4JmHWmP3XqWX6Q9zsC4HCIZHPk9KOjP7MZJ6VoQUgheSl_gCOEt9uIK7MWMNAFeghpITzzEkGK9BmwZ0a-Bhik85IK4qFFtxSXgCfZxUM0v_X4dZe53PVuzBtP-DXiO9hv4c0UNh1fm3DXv31jE6dQO6wheNb', 'width': 711}]",ChIJQ-NUmvsvMYgRH23kANK6CLo,"{'compound_code': '4M53+RX Kent, Ohio, USA', 'global_code': '86HW4M53+RX'}",3.4,ChIJQ-NUmvsvMYgRH23kANK6CLo,"['lodging', 'point_of_interest', 'establishment']",536,4422 Edson Rd," Kent, OH 44240, United States"
OPERATIONAL,"4380 Edson Rd, Kent, OH 44240, United States","{'location': {'lat': 41.10885040000001, 'lng': -81.34546929999999}, 'viewport': {'northeast': {'lat': 41.11010657989272, 'lng': -81.34413962010727}, 'southwest': {'lat': 41.10740692010727, 'lng': -81.34683927989272}}}",https://maps.gstatic.com/mapfiles/place_api/icons/v1/png_71/lodging-71.png,#909CE1,https://maps.gstatic.com/mapfiles/place_api/icons/v2/hotel_pinlet,Super 8 by Wyndham Kent/Akron Area,{'open_now': True},"[{'height': 400, 'html_attributions': ['<a href=""https://maps.google.com/maps/contrib/104793085979104973560"">Super 8 Kent/Akron Area</a>'], 'photo_reference': 'ATJ83ziqVa96xCjTNwmx9hVhsVVUJLH57cQQ8ID79oDzrDRmqIju-JvtfHf5ssCGPjP1D5UCjCw9y8eE-6GcXGsdjRAISNGNGl2zalaW-SmiAk4H_dJzW4nHoQe5JzEfim8alWn7zMF3jziUww8BTrlANC10gynQPBv89dR5mA25YDfI_rx6', 'width': 711}]",ChIJA1ilbfwvMYgR23uNF7GrGJc,"{'compound_code': '4M53+CR Kent, Ohio, USA', 'global_code': '86HW4M53+CR'}",2.9,ChIJA1ilbfwvMYgR23uNF7GrGJc,"['lodging', 'point_of_interest', 'establishment']",492,4380 Edson Rd," Kent, OH 44240, United States"
OPERATIONAL,"4386 OH-43, Kent, OH 44240, United States","{'location': {'lat': 41.1093826, 'lng': -81.3473056}, 'viewport': {'northeast': {'lat': 41.11076052989272, 'lng': -81.34607492010727}, 'southwest': {'lat': 41.10806087010728, 'lng': -81.34877457989272}}}",https://maps.gstatic.com/mapfiles/place_api/icons/v1/png_71/lodging-71.png,#909CE1,https://maps.gstatic.com/mapfiles/place_api/icons/v2/hotel_pinlet,Econo Lodge,,"[{'height': 2848, 'html_attributions': ['<a href=""https://maps.google.com/maps/contrib/117361274117796847078"">Econo Lodge</a>'], 'photo_reference': 'ATJ83zhhfZeCgSV_KD2OOjMnN0_sSMel4dCMHMu9JHZhK8Vk5-RiRNNZYIGdEJ7tAlAb7RB0VyNw8tFdXLo2ykKTtBnxNjGWsr42LjZPmkjctk3_Pp63-KCR54PrXqAcXRzRKVRXdZOSsrfWbvwYRITLiVWilEEvUMug2aj3etoOhTcfzwZE', 'width': 4272}]",ChIJXR6nuvsvMYgRwdtd8FGiOzc,"{'compound_code': '4M53+P4 Kent, Ohio, USA', 'global_code': '86HW4M53+P4'}",3.1,ChIJXR6nuvsvMYgRwdtd8FGiOzc,"['lodging', 'point_of_interest', 'establishment']",435,4386 OH-43," Kent, OH 44240, United States"
OPERATIONAL,"540 S Water St, Kent, OH 44240, United States","{'location': {'lat': 41.1492178, 'lng': -81.3585301}, 'viewport': {'northeast': {'lat': 41.15056687989272, 'lng': -81.35709197010726}, 'southwest': {'lat': 41.14786722010728, 'lng': -81.35979162989271}}}",https://maps.gstatic.com/mapfiles/place_api/icons/v1/png_71/lodging-71.png,#909CE1,https://maps.gstatic.com/mapfiles/place_api/icons/v2/hotel_pinlet,University Inn,{'open_now': False},"[{'height': 2984, 'html_attributions': ['<a href=""https://maps.google.com/maps/contrib/108094420858622627132"">A Google User</a>'], 'photo_reference': 'ATJ83zh1j0glSCO-ItTHqZ1rttR2b_tG9RTqBTL7e8Bd78ToF9-CqlmhOMpLYcA17iJt_b6S1XWAGp4SfFrBzgoTDI93Str3j3S3cW2_nAb8EM0HvzfAJFGoepOR10Ve5D8NBbwdv5wvc21Ritv3suvEMTsV9hCSzJZ_i8W5Zjn2db1XZU7A', 'width': 5303}]",ChIJO3SNBSMlMYgRP0eth-jtf-E,"{'compound_code': '4JXR+MG Kent, Ohio, USA', 'global_code': '86HW4JXR+MG'}",3.5,ChIJO3SNBSMlMYgRP0eth-jtf-E,"['lodging', 'point_of_interest', 'establishment']",156,540 S Water St," Kent, OH 44240, United States"
OPERATIONAL,"9789 OH-14, Streetsboro, OH 44241, United States","{'location': {'lat': 41.25089130000001, 'lng': -81.3667274}, 'viewport': {'northeast': {'lat': 41.25228117989273, 'lng': -81.36539647010727}, 'southwest': {'lat': 41.24958152010728, 'lng': -81.36809612989272}}}",https://maps.gstatic.com/mapfiles/place_api/icons/v1/png_71/lodging-71.png,#909CE1,https://maps.gstatic.com/mapfiles/place_api/icons/v2/hotel_pinlet,Econo Lodge Cleveland Southeast - Kent,,"[{'height': 3188, 'html_attributions': ['<a href=""https://maps.google.com/maps/contrib/103919121781829362869"">Econo Lodge</a>'], 'photo_reference': 'ATJ83zintaKcyDANCSL-7DpGteR8TtNEVDPhRweqJqN0FzWhLhSEbteVFhEMuqjhR-2a43oxARAO3ErhKgRF92Ej3olHnCeW0ZLl8NUY6vhN6CF1R-USzlIm2H74ZWTdKaHcdOztwHxXkTTrT9LKKnzR5cintAd0-SiRq9y5vG70vNMOZwhZ', 'width': 4785}]",ChIJxbWTJ-kiMYgRO36cQtItWI4,"{'compound_code': '7J2M+88 Streetsboro, Ohio, USA', 'global_code': '86HW7J2M+88'}",3.6,ChIJxbWTJ-kiMYgRO36cQtItWI4,"['lodging', 'point_of_interest', 'establishment']",489,9789 OH-14," Streetsboro, OH 44241, United States"
OPERATIONAL,"9420 OH-14, Streetsboro, OH 44241, United States","{'location': {'lat': 41.2418433, 'lng': -81.3516678}, 'viewport': {'northeast': {'lat': 41.24317572989272, 'lng': -81.35029137010727}, 'southwest': {'lat': 41.24047607010728, 'lng': -81.3529910298927}}}",https://maps.gstatic.com/mapfiles/place_api/icons/v1/png_71/lodging-71.png,#909CE1,https://maps.gstatic.com/mapfiles/place_api/icons/v2/hotel_pinlet,Quality Inn,,"[{'height': 479, 'html_attributions': ['<a href=""https://maps.google.com/maps/contrib/111185599550247528105"">Quality Inn</a>'], 'photo_reference': 'ATJ83zglWWOLY1gXus7_vlAgmL0jPhJG5bAOMmmMYTVDRNyHlmoWXOeXmDF7ibGOcKKBU8rPNao9rO85QfJA5o1GH5EnSdsi__Q48d1A4gOociELB8_-5KQ2ohvF30rJcwUF6vl8IFDcjBxzZ3LI3T0ZTljc4OCpiuxMnqYi3-XEQ0qzpmTX', 'width': 599}]",ChIJPYQZENoiMYgRullepm-9OQo,"{'compound_code': '6JRX+Q7 Streetsboro, Ohio, USA', 'global_code': '86HW6JRX+Q7'}",3.7,ChIJPYQZENoiMYgRullepm-9OQo,"['lodging', 'point_of_interest', 'establishment']",478,9420 OH-14," Streetsboro, OH 44241, United States"
OPERATIONAL,"9371 OH-14, Streetsboro, OH 44241, United States","{'location': {'lat': 41.24014570000001, 'lng': -81.3518769}, 'viewport': {'northeast': {'lat': 41.24167637989272, 'lng': -81.35030762010727}, 'southwest': {'lat': 41.23897672010727, 'lng': -81.35300727989272}}}",https://maps.gstatic.com/mapfiles/place_api/icons/v1/png_71/lodging-71.png,#909CE1,https://maps.gstatic.com/mapfiles/place_api/icons/v2/hotel_pinlet,Motel 6 Streetsboro,{'open_now': True},"[{'height': 4624, 'html_attributions': ['<a href=""https://maps.google.com/maps/contrib/107967544917311403384"">A Google User</a>'], 'photo_reference': 'ATJ83zgl_UvdIeTlJsPifUujmBuaeSzT7v9yw_YLWi62NAdQE_ObCqm4SJb3uzO4dRw85_vk58yyjzkjAiGxm91qITvcvPR1-SM7nSRUdF4MHhWm3WZjPQV_3prSnOn_WnaEJwRhFDL8m-mKmKIcWFsgWkFSJv9lSx51i0f-YfqMj09OuKQ_', 'width': 2600}]",ChIJo0uV-dkiMYgRk2dQgbpWjcY,"{'compound_code': '6JRX+36 Streetsboro, Ohio, USA', 'global_code': '86HW6JRX+36'}",3.6,ChIJo0uV-dkiMYgRk2dQgbpWjcY,"['lodging', 'point_of_interest', 'establishment']",828,9371 OH-14," Streetsboro, OH 44241, United States"
OPERATIONAL,"9172 Market Square Dr, Streetsboro, OH 44241, United States","{'location': {'lat': 41.24069799999999, 'lng': -81.353712}, 'viewport': {'northeast': {'lat': 41.24205422989272, 'lng': -81.35214967010728}, 'southwest': {'lat': 41.23935457010728, 'lng': -81.35484932989272}}}",https://maps.gstatic.com/mapfiles/place_api/icons/v1/png_71/lodging-71.png,#909CE1,https://maps.gstatic.com/mapfiles/place_api/icons/v2/hotel_pinlet,Comfort Inn & Suites Streetsboro - Kent,,"[{'height': 400, 'html_attributions': ['<a href=""https://maps.google.com/maps/contrib/110522974407254996472"">Comfort Inn &amp; Suites</a>'], 'photo_reference': 'ATJ83zhYUnJpeewgdu9yGNY6C6MN-ffeaC-kq5AUCFWMQOla-IKrTHt4aU4xi5powNuTBTMCgf0Qg-pwbnN5Tjknz13KHV_OnriosL3ycIaEvpdsvGcwbIylUuKLesKKVZZDLmmGD_90XTJLblTi18MrooTiJKbmJDKHNG1VSGky6vrqL9Jg', 'width': 711}]",ChIJc7D0ndkiMYgR7UXP_ul8Ix8,"{'compound_code': '6JRW+7G Streetsboro, Ohio, USA', 'global_code': '86HW6JRW+7G'}",3.9,ChIJc7D0ndkiMYgR7UXP_ul8Ix8,"['lodging', 'point_of_interest', 'establishment']",289,9172 Market Square Dr," Streetsboro, OH 44241, United States"
OPERATIONAL,"2296 OH-59, Kent, OH 44240, United States","{'location': {'lat': 41.1561478, 'lng': -81.31051}, 'viewport': {'northeast': {'lat': 41.15777792989272, 'lng': -81.30920922010728}, 'southwest': {'lat': 41.15507827010727, 'lng': -81.31190887989273}}}",https://maps.gstatic.com/mapfiles/place_api/icons/v1/png_71/lodging-71.png,#909CE1,https://maps.gstatic.com/mapfiles/place_api/icons/v2/hotel_pinlet,Eastwood Motor Inn,,"[{'height': 4096, 'html_attributions': ['<a href=""https://maps.google.com/maps/contrib/100758870434134126428"">Colleen</a>'], 'photo_reference': 'ATJ83ziCrgiM_-8f9LxXwHxCtFj4RiXustYEMbVENusFRHuG6yVQ7dZHYJG3HrWH-hdwCTYh74vjtAO2mRvJjh__nc9OrPmZrAcesYd7vreZQceX6q7j1s_xyjf-JWEpwTNjt6MuY1DEfuHg_rO47tQ_zD2OFuCyxpF7dL_WBQQBHPJ2dDM0', 'width': 3072}]",ChIJveR2RBw7MYgRg80LcvAQksY,"{'compound_code': '5M4Q+CQ Kent, Ohio, USA', 'global_code': '86HW5M4Q+CQ'}",3.1,ChIJveR2RBw7MYgRg80LcvAQksY,"['lodging', 'point_of_interest', 'establishment']",144,2296 OH-59," Kent, OH 44240, United States"
OPERATIONAL,"1070 Graham Rd, Cuyahoga Falls, OH 44224, United States","{'location': {'lat': 41.1622984, 'lng': -81.4748388}, 'viewport': {'northeast': {'lat': 41.16386517989272, 'lng': -81.47345242010728}, 'southwest': {'lat': 41.16116552010728, 'lng': -81.47615207989271}}}",https://maps.gstatic.com/mapfiles/place_api/icons/v1/png_71/lodging-71.png,#909CE1,https://maps.gstatic.com/mapfiles/place_api/icons/v2/hotel_pinlet,Economy Inn,,"[{'height': 3024, 'html_attributions': ['<a href=""https://maps.google.com/maps/contrib/103849667177285329846"">ysitincoach</a>'], 'photo_reference': 'ATJ83zivsXtCX1sq86OoxeADzuwh6PGzqHBJIZVZBErSkVe9pljihdeTgymsrqFNYqq-l-3wzYBzgt1yCuWhFgt-w7wxjCLbNhesBZupmL4iub10EeNjPOye8ZULwWYFuIwGbpshH7c9CCcIY0gO1Hrdx8kWRIJysOdnXcCt6ln7bUTM1ueP', 'width': 4032}]",ChIJv5gHrasnMYgRbLTlNjbGkuM,"{'compound_code': '5G6G+W3 Cuyahoga Falls, Ohio, USA', 'global_code': '86HW5G6G+W3'}",3.9,ChIJv5gHrasnMYgRbLTlNjbGkuM,"['lodging', 'point_of_interest', 'establishment']",243,1070 Graham Rd," Cuyahoga Falls, OH 44224, United States"
OPERATIONAL,"4351 Steels Pointe, Stow, OH 44224, United States","{'location': {'lat': 41.1830224, 'lng': -81.4799663}, 'viewport': {'northeast': {'lat': 41.18450367989272, 'lng': -81.47880597010727}, 'southwest': {'lat': 41.18180402010727, 'lng': -81.48150562989271}}}",https://maps.gstatic.com/mapfiles/place_api/icons/v1/png_71/lodging-71.png,#909CE1,https://maps.gstatic.com/mapfiles/place_api/icons/v2/hotel_pinlet,"Staybridge Suites Akron-Stow-Cuyahoga Falls, an IHG Hotel",,"[{'height': 1365, 'html_attributions': ['<a href=""https://maps.google.com/maps/contrib/101999600348714693409"">Staybridge Suites Akron-Stow-Cuyahoga Falls</a>'], 'photo_reference': 'ATJ83zjY7pnonZPahUdPSw2Nt8Ew8iPasCugX54GJUw_iEd_955I1ifvUgRG51mj-d6-vQbma-tXcbYMAKaRezjDJywlabwfc1O72dMokoG7kZcDI7QfpmbEqTXcwT4TIaaQEPKSSC19ITQX3Kv5X3x930Oq--MXwUbJAA7M8_Q3YYrfKPa7', 'width': 2048}]",ChIJ_RrWvRknMYgRo2kSPBkPFZE,"{'compound_code': '5GMC+62 Stow, Ohio, USA', 'global_code': '86HW5GMC+62'}",4.4,ChIJ_RrWvRknMYgRo2kSPBkPFZE,"['lodging', 'point_of_interest', 'establishment']",493,4351 Steels Pointe," Stow, OH 44224, United States"
OPERATIONAL,"4047 Bridgewater Pkwy, Stow, OH 44224, United States","{'location': {'lat': 41.1775662, 'lng': -81.4801092}, 'viewport': {'northeast': {'lat': 41.17888132989272, 'lng': -81.47899332010728}, 'southwest': {'lat': 41.17618167010728, 'lng': -81.48169297989273}}}",https://maps.gstatic.com/mapfiles/place_api/icons/v1/png_71/lodging-71.png,#909CE1,https://maps.gstatic.com/mapfiles/place_api/icons/v2/hotel_pinlet,Courtyard by Marriott Akron Stow,,"[{'height': 320, 'html_attributions': ['<a href=""https://maps.google.com/maps/contrib/117827843038300512673"">Courtyard Akron Stow</a>'], 'photo_reference': 'ATJ83zgdCMg4blGQGvgoS9T-qEUE0oG8-IVY3M_RZ0ZjffJVCG26CJf4t-z0Lno3_b6gV4nbh7R9RsJYTCkk9ozJand2qZWELylDO9lhpze4QnwPLkIlgcWrt_9mwomMy4hMSgpvhkTX7ZpPMpZvHAVhblvS3dCGctBt3DFzHSAlsXbUhLnV', 'width': 480}]",ChIJGVXG-xonMYgRD_t4D9CR0VU,"{'compound_code': '5GH9+2X Stow, Ohio, USA', 'global_code': '86HW5GH9+2X'}",4.2,ChIJGVXG-xonMYgRD_t4D9CR0VU,"['lodging', 'point_of_interest', 'establishment']",564,4047 Bridgewater Pkwy," Stow, OH 44224, United States"
OPERATIONAL,"1420 Main St, Cuyahoga Falls, OH 44221, United States","{'location': {'lat': 41.1229843, 'lng': -81.4845117}, 'viewport': {'northeast': {'lat': 41.12433142989271, 'lng': -81.48307672010726}, 'southwest': {'lat': 41.12163177010727, 'lng': -81.48577637989271}}}",https://maps.gstatic.com/mapfiles/place_api/icons/v1/png_71/lodging-71.png,#909CE1,https://maps.gstatic.com/mapfiles/place_api/icons/v2/hotel_pinlet,"Country Inn & Suites by Radisson, Cuyahoga Falls, OH",,"[{'height': 2560, 'html_attributions': ['<a href=""https://maps.google.com/maps/contrib/113046827355543710469"">Country Inn &amp; Suites By Carlson, Cuyahoga Falls, OH</a>'], 'photo_reference': 'ATJ83zgyr38nJt4Fr6ZxQXBfsWTaUcUgRGI6uMFv25HIMDVZYcnJdvOB61wMu7KmpDssBemOl0lAd-14ZGA0trP_iiERXuot-CHVCbyFOrQnXjf7zI4chmPbdExTKD56WLKA6Ie-1LHv02bN9UXttWvAN0FD2mCiyB3klwJe6U-J9iPCgbSA', 'width': 3840}]",ChIJZTmBEncoMYgRLTvHodONaag,"{'compound_code': '4GF8+55 Cuyahoga Falls, Ohio, USA', 'global_code': '86HW4GF8+55'}",4,ChIJZTmBEncoMYgRLTvHodONaag,"['lodging', 'point_of_interest', 'establishment']",687,1420 Main St," Cuyahoga Falls, OH 44221, United States"
OPERATIONAL,"800 Mondial Pkwy, Streetsboro, OH 44241, United States","{'location': {'lat': 41.249088, 'lng': -81.3653253}, 'viewport': {'northeast': {'lat': 41.25057222989273, 'lng': -81.36380832010728}, 'southwest': {'lat': 41.24787257010728, 'lng': -81.36650797989272}}}",https://maps.gstatic.com/mapfiles/place_api/icons/v1/png_71/lodging-71.png,#909CE1,https://maps.gstatic.com/mapfiles/place_api/icons/v2/hotel_pinlet,Hampton Inn & Suites Cleveland-Southeast/Streetsboro,,"[{'height': 1365, 'html_attributions': ['<a href=""https://maps.google.com/maps/contrib/109570427044071289639"">Hampton Inn &amp; Suites Cleveland-Southeast/Streetsboro</a>'], 'photo_reference': 'ATJ83zgeVuDMe1QnQsIffF73U8Q_iEmVvtuP0HbMNHEazhnD0-IDj2V--Ha-DovaUI28woCur6Gimr0rbBXFM4csuxNIADsxFD6Yah5emrUPRhT8YNaPSBSqocR8CJvi9Lyks3XvHIh0-P3rJ7yNfyiz95Y6AIWjFJIq1z4ZPEOwvcYK1KxU', 'width': 2048}]",ChIJTx0p-egiMYgRabs-7cIIk84,"{'compound_code': '6JXM+JV Streetsboro, Ohio, USA', 'global_code': '86HW6JXM+JV'}",4.4,ChIJTx0p-egiMYgRabs-7cIIk84,"['lodging', 'point_of_interest', 'establishment']",601,800 Mondial Pkwy," Streetsboro, OH 44241, United States"
OPERATIONAL,"2677 Gilchrist Rd, Akron, OH 44305, United States","{'location': {'lat': 41.06522500000001, 'lng': -81.430087}, 'viewport': {'northeast': {'lat': 41.06668247989272, 'lng': -81.42876227010727}, 'southwest': {'lat': 41.06398282010728, 'lng': -81.43146192989272}}}",https://maps.gstatic.com/mapfiles/place_api/icons/v1/png_71/lodging-71.png,#909CE1,https://maps.gstatic.com/mapfiles/place_api/icons/v2/hotel_pinlet,The Royal Inn & Suites,,"[{'height': 2835, 'html_attributions': ['<a href=""https://maps.google.com/maps/contrib/108125449861817091566"">A Google User</a>'], 'photo_reference': 'ATJ83zgCxN-AcJAsmJ3itXiGKS_NJUX9QXLLvXlAZZu6ysmLkLFH9yhSXc60Ad0tm2b-3aNHa1-Ofgi7PmMLL7o6bYYCBqiKWjRkICf_sr6kI9QLjMB_--m2WdTBKvLxbWyor-GB-tEOzBEUC4xvoY5TqaLVQnNMCMKVkAJ17aepCtWMTdWu', 'width': 4000}]",ChIJmaoa-zQpMYgRu6knq_vSjYI,"{'compound_code': '3H89+3X Akron, Ohio, USA', 'global_code': '86HW3H89+3X'}",3.9,ChIJmaoa-zQpMYgRu6knq_vSjYI,"['lodging', 'point_of_interest', 'establishment']",184,2677 Gilchrist Rd," Akron, OH 44305, United States"
OPERATIONAL,"4331 Lakepointe Corporate Dr, Stow, OH 44224, United States","{'location': {'lat': 41.183184, 'lng': -81.47445379999999}, 'viewport': {'northeast': {'lat': 41.18455817989272, 'lng': -81.47325937010727}, 'southwest': {'lat': 41.18185852010728, 'lng': -81.47595902989272}}}",https://maps.gstatic.com/mapfiles/place_api/icons/v1/png_71/lodging-71.png,#909CE1,https://maps.gstatic.com/mapfiles/place_api/icons/v2/hotel_pinlet,Hampton Inn Stow,,"[{'height': 600, 'html_attributions': ['<a href=""https://maps.google.com/maps/contrib/109729266841181579347"">A Google User</a>'], 'photo_reference': 'ATJ83ziw77DUf67HF8JcxiSra3NpUjkVTT_dIhL0zlPan1TDCvn2OmwMFrqSlb8R8xELHSQbvHkoFWwW2zchtdLoKK92MHjRTe2cyGqCxNf85M-RTsaAJoAL7XJFcuOHyHcPdQK6KIKjpnR4LsCqoLcXMblPDQS5NzcBpusdidRPic793ulg', 'width': 800}]",ChIJcRKJqh8nMYgRVCGgYz0W8WQ,"{'compound_code': '5GMG+76 Stow, Ohio, USA', 'global_code': '86HW5GMG+76'}",4.3,ChIJcRKJqh8nMYgRVCGgYz0W8WQ,"['lodging', 'point_of_interest', 'establishment']",601,4331 Lakepointe Corporate Dr," Stow, OH 44224, United States"
OPERATIONAL,"272 N Main St, Hudson, OH 44236, United States","{'location': {'lat': 41.244405, 'lng': -81.440962}, 'viewport': {'northeast': {'lat': 41.24575522989272, 'lng': -81.43933027010728}, 'southwest': {'lat': 41.24305557010727, 'lng': -81.44202992989273}}}",https://maps.gstatic.com/mapfiles/place_api/icons/v1/png_71/lodging-71.png,#909CE1,https://maps.gstatic.com/mapfiles/place_api/icons/v2/hotel_pinlet,Jeremiah B King Guest House,,"[{'height': 3000, 'html_attributions': ['<a href=""https://maps.google.com/maps/contrib/100617614861909905517"">A Google User</a>'], 'photo_reference': 'ATJ83zi2clO9q-AMJlig2H_9OGHe3aDWrKc7PWG6AOMTdfEQmo0fUJlg6Nvdd-KsKjA2sD7RbiRgjrIHupWQ7ErcWHgoxuHxNBO2OHM56AP__xBbqA8GLLXrlKirGV968C18ju7xmGe3VG5MsVDbyxPdVeFkunuH4BOu8b9yAPcJTbniM1mp', 'width': 4000}]",ChIJV2uLDZ0hMYgR3SZmgXTcBqw,"{'compound_code': '6HV5+QJ Hudson, Ohio, USA', 'global_code': '86HW6HV5+QJ'}",4.9,ChIJV2uLDZ0hMYgR3SZmgXTcBqw,"['lodging', 'point_of_interest', 'establishment']",49,272 N Main St," Hudson, OH 44236, United States"
OPERATIONAL,"800 Morrissey Blvd, Boston, MA 02122, United States","{'location': {'lat': 42.2948894, 'lng': -71.0468293}, 'viewport': {'northeast': {'lat': 42.29621947989272, 'lng': -71.04540132010727}, 'southwest': {'lat': 42.29351982010728, 'lng': -71.04810097989272}}}",https://maps.gstatic.com/mapfiles/place_api/icons/v1/png_71/lodging-71.png,#909CE1,https://maps.gstatic.com/mapfiles/place_api/icons/v2/hotel_pinlet,Ramada by Wyndham Boston,{'open_now': True},"[{'height': 768, 'html_attributions': ['<a href=""https://maps.google.com/maps/contrib/108918141473499945390"">Laurence Bjouan</a>'], 'photo_reference': 'ATJ83zjYwKhuXoay1c_6phMh-I0MjrkrQmV5xNQDHEALFzQ0kbuwT_M5lH65jFIwsMqJ8gBtR9qKT09LuuOZonpM2ilnaOVLiteHc5nMiDXL4ygwm8pTbrkqpT500dFrko8WmpTNR3QTzzRtgFHMS9kgpkxN1RXOc8ZRMHR_qC9ZhMT5iZZi', 'width': 1024}]",ChIJsSLi4gp744kRH2Cuyd32eg8,"{'compound_code': '7XV3+X7 Boston, Massachusetts, USA', 'global_code': '87JC7XV3+X7'}",3.3,ChIJsSLi4gp744kRH2Cuyd32eg8,"['lodging', 'point_of_interest', 'establishment']",1381,800 Morrissey Blvd," Boston, MA 02122, United States"
OPERATIONAL,"40 Mt Hood Rd, Boston, MA 02135, United States","{'location': {'lat': 42.3417308, 'lng': -71.1431252}, 'viewport': {'northeast': {'lat': 42.34316007989273, 'lng': -71.14205337010729}, 'southwest': {'lat': 42.34046042010728, 'lng': -71.14475302989273}}}",https://maps.gstatic.com/mapfiles/place_api/icons/v1/png_71/lodging-71.png,#909CE1,https://maps.gstatic.com/mapfiles/place_api/icons/v2/hotel_pinlet,Hotel Boston,{'open_now': True},"[{'height': 484, 'html_attributions': ['<a href=""https://maps.google.com/maps/contrib/116248348065575833874"">A Google User</a>'], 'photo_reference': 'ATJ83zicWK6K85Z0Z0FouIGOgPatYEEycMo622ZHhEs192HCIyNqIMxhZ7Rpgc6w4_x05TO_Cz_JTeCwBZUa3JJJv27vxUXCzxLaiFzvL08yUV3y0Scl77bRiKj4mT7jHCQlsZhfgij5OcW3T6JJHkkqRTVFzL9SMsykxeEAu48B6YQ69C9n', 'width': 796}]",ChIJJakYOLN544kRo6XTkO8bv48,"{'compound_code': '8VR4+MP Boston, Massachusetts, USA', 'global_code': '87JC8VR4+MP'}",3.3,ChIJJakYOLN544kRo6XTkO8bv48,"['lodging', 'point_of_interest', 'establishment']",550,40 Mt Hood Rd," Boston, MA 02135, United States"
OPERATIONAL,"99 Blackstone St, Boston, MA 02109, United States","{'location': {'lat': 42.3617459, 'lng': -71.0557733}, 'viewport': {'northeast': {'lat': 42.36312272989272, 'lng': -71.0544011701073}, 'southwest': {'lat': 42.36042307010727, 'lng': -71.05710082989273}}}",https://maps.gstatic.com/mapfiles/place_api/icons/v1/png_71/lodging-71.png,#909CE1,https://maps.gstatic.com/mapfiles/place_api/icons/v2/hotel_pinlet,Canopy by Hilton Boston Downtown,,"[{'height': 4000, 'html_attributions': ['<a href=""https://maps.google.com/maps/contrib/102845750802921098826"">Robert Morgan</a>'], 'photo_reference': 'ATJ83zgoE5mDrKu_shVWSYNRUcPDRRjXApXGr3xIFX0ysrpZw31DbI3Uskau-pyrkTOaXzBfx8032h2qj8hNbfm8dU2YGOSQ3TljveXcxUYSQy7M1LrMo80Ygtvx3vLb3EPa1YiSIJLwldWVA8AotTqd1t1WU15LGWoRL_ovtuLyQ6kEGUY5', 'width': 3000}]",ChIJg3W5VY9w44kRVqf8LPowvw4,"{'compound_code': '9W6V+MM Boston, Massachusetts, USA', 'global_code': '87JC9W6V+MM'}",4.5,ChIJg3W5VY9w44kRVqf8LPowvw4,"['lodging', 'point_of_interest', 'establishment']",404,99 Blackstone St," Boston, MA 02109, United States"
OPERATIONAL,"40 Berkeley St, Boston, MA 02116, United States","{'location': {'lat': 42.3459092, 'lng': -71.0709013}, 'viewport': {'northeast': {'lat': 42.34737347989272, 'lng': -71.06938577010727}, 'southwest': {'lat': 42.34467382010727, 'lng': -71.07208542989272}}}",https://maps.gstatic.com/mapfiles/place_api/icons/v1/png_71/lodging-71.png,#909CE1,https://maps.gstatic.com/mapfiles/place_api/icons/v2/hotel_pinlet,The Revolution Hotel,{'open_now': True},"[{'height': 4032, 'html_attributions': ['<a href=""https://maps.google.com/maps/contrib/111703432509837458920"">aamuuzme Charlie</a>'], 'photo_reference': 'ATJ83zheb5PWU7VVKTpQSsSBErZr69KSur1iL64ePUuXbzGUPEFiecWTHJ-pq4qYdJI0oRaI1BVcBl7aQOJbG-oY0Q9Y9BKjhWRdql04M0XcclRG_WC8w_Ja1Bfhcd6kbCPpJKtNCyxB44vihHjQV3ABGdNz78QaA3bVRAryXtu4QumIoZhk', 'width': 3024}]",ChIJsf7vi3J644kR0mTtC6TRum0,"{'compound_code': '8WWH+9J Boston, Massachusetts, USA', 'global_code': '87JC8WWH+9J'}",4.4,ChIJsf7vi3J644kR0mTtC6TRum0,"['lodging', 'point_of_interest', 'establishment']",424,40 Berkeley St," Boston, MA 02116, United States"
OPERATIONAL,"23 Farrington Ave, Boston, MA 02134, United States","{'location': {'lat': 42.3542618, 'lng': -71.13088789999999}, 'viewport': {'northeast': {'lat': 42.35571297989272, 'lng': -71.12957112010727}, 'southwest': {'lat': 42.35301332010728, 'lng': -71.13227077989272}}}",https://maps.gstatic.com/mapfiles/place_api/icons/v1/png_71/lodging-71.png,#909CE1,https://maps.gstatic.com/mapfiles/place_api/icons/v2/hotel_pinlet,The Farrington Inn,{'open_now': True},"[{'height': 500, 'html_attributions': ['<a href=""https://maps.google.com/maps/contrib/110428149008267388066"">Abercrombie&#39;s Farrington Inn</a>'], 'photo_reference': 'ATJ83zi61XyHTBJ2cSirvhNQq5HxfiUmFtP09jkDaPiISYL2R0GQxH1q8I7zCUzzwQMrC-iiGZb1YK7DElGVHSVYTJsKiaXZjAhsOIr6v31I9ATWZfiSQiIpGJZN7z-FPw3sOjhvsIT1ku3Tot_8fKljMCCSa338BSvkD07IyGKPnz7b6D_L', 'width': 800}]",ChIJKzKoO8V544kRPkH2T2uZ7C0,"{'compound_code': '9V39+PJ Boston, Massachusetts, USA', 'global_code': '87JC9V39+PJ'}",3.3,ChIJKzKoO8V544kRPkH2T2uZ7C0,"['lodging', 'point_of_interest', 'establishment']",649,23 Farrington Ave," Boston, MA 02134, United States"
OPERATIONAL,"900 Morrissey Blvd, Boston, MA 02122, United States","{'location': {'lat': 42.292679, 'lng': -71.047135}, 'viewport': {'northeast': {'lat': 42.29395747989271, 'lng': -71.04588782010728}, 'southwest': {'lat': 42.29125782010727, 'lng': -71.04858747989272}}}",https://maps.gstatic.com/mapfiles/place_api/icons/v1/png_71/lodging-71.png,#909CE1,https://maps.gstatic.com/mapfiles/place_api/icons/v2/hotel_pinlet,Comfort Inn Boston,,"[{'height': 400, 'html_attributions': ['<a href=""https://maps.google.com/maps/contrib/103090235018697223914"">Comfort Inn</a>'], 'photo_reference': 'ATJ83zjC0SnJKxwjc5FBBupc-FFjCU57RBP4dZ6HHgSAPfrFwO7iYIyZNOlyhZqtDqPetGAgokd_W_mhpFB_HOJTjMxTOKA7bdKj1c3fr2zq9E18d8jNpPc3vlNe0kjwGYqAbwvSj4B-tRvbmL6ZG4BLFp284WIq1CqqKkJlLIdE9bi4JHA8', 'width': 711}]",ChIJsXXmF3V744kRNe_P_R0FdNc,"{'compound_code': '7XV3+34 Boston, Massachusetts, USA', 'global_code': '87JC7XV3+34'}",3.7,ChIJsXXmF3V744kRNe_P_R0FdNc,"['lodging', 'point_of_interest', 'establishment']",966,900 Morrissey Blvd," Boston, MA 02122, United States"
OPERATIONAL,"36 Moseley St, Boston, MA 02125, United States","{'location': {'lat': 42.3202327, 'lng': -71.05496219999999}, 'viewport': {'northeast': {'lat': 42.32158302989271, 'lng': -71.05361072010729}, 'southwest': {'lat': 42.31888337010727, 'lng': -71.05631037989272}}}",https://maps.gstatic.com/mapfiles/place_api/icons/v1/png_71/lodging-71.png,#909CE1,https://maps.gstatic.com/mapfiles/place_api/icons/v2/hotel_pinlet,Boston Homestel,{'open_now': True},"[{'height': 3120, 'html_attributions': ['<a href=""https://maps.google.com/maps/contrib/115593972051166884622"">Adam Dobrin</a>'], 'photo_reference': 'ATJ83zgE83Nh5Si5iuq5Djq1WO-drJn59Fqc-QT4IXJ586BWmkMo1hotib_0497-1L3q1BR-VTAn4M5tGTaf7er5gnNuoeDB62h0wm5EpKFZsjv6yK7WTJkMxZMbMBPcJpufxyXovz0zN5NDPbjselaSFF9awvg-zjlPE84K2jpwA1nt8Ay6', 'width': 4160}]",ChIJ8SlWTCV744kRxNhRq0XKnOY,"{'compound_code': '8WCV+4X Boston, Massachusetts, USA', 'global_code': '87JC8WCV+4X'}",4,ChIJ8SlWTCV744kRxNhRq0XKnOY,"['real_estate_agency', 'lodging', 'point_of_interest', 'establishment']",106,36 Moseley St," Boston, MA 02125, United States"
OPERATIONAL,"1750 Beacon St, Brookline, MA 02445, United States","{'location': {'lat': 42.3383099, 'lng': -71.14091619999999}, 'viewport': {'northeast': {'lat': 42.33961157989272, 'lng': -71.13954712010728}, 'southwest': {'lat': 42.33691192010728, 'lng': -71.14224677989272}}}",https://maps.gstatic.com/mapfiles/place_api/icons/v1/png_71/lodging-71.png,#909CE1,https://maps.gstatic.com/mapfiles/place_api/icons/v2/hotel_pinlet,Beacon Inn,{'open_now': True},"[{'height': 2048, 'html_attributions': ['<a href=""https://maps.google.com/maps/contrib/112725777066410570809"">A Google User</a>'], 'photo_reference': 'ATJ83zjBHbA6nCsSoJt4rCpqE_2zYuNdimwckSNNem1NZsOg3VoiGUAhG5qXpmr--D_1lef3BnGnb_FjoE84DYQW6p_8sTEahbtVS0ks-0c_1tBxe7eculZgjngAu7qLGEXRMoQYEHWavhQELzpm4g1gztvlG-M-21kUxySlhBrMx9Af7t97', 'width': 2037}]",ChIJVzBScLJ544kRBVMjwQLWThU,"{'compound_code': '8VQ5+9J Brookline, Massachusetts, USA', 'global_code': '87JC8VQ5+9J'}",3.8,ChIJVzBScLJ544kRBVMjwQLWThU,"['lodging', 'point_of_interest', 'establishment']",260,1750 Beacon St," Brookline, MA 02445, United States"
OPERATIONAL,"1 Arlington St, Quincy, MA 02171, United States","{'location': {'lat': 42.2738509, 'lng': -71.03014329999999}, 'viewport': {'northeast': {'lat': 42.27521867989272, 'lng': -71.02865217010728}, 'southwest': {'lat': 42.27251902010728, 'lng': -71.03135182989273}}}",https://maps.gstatic.com/mapfiles/place_api/icons/v1/png_71/lodging-71.png,#909CE1,https://maps.gstatic.com/mapfiles/place_api/icons/v2/hotel_pinlet,"Holiday Inn Express Boston - Quincy, an IHG Hotel",,"[{'height': 4912, 'html_attributions': ['<a href=""https://maps.google.com/maps/contrib/104054861046094032033"">A Google User</a>'], 'photo_reference': 'ATJ83zjHKPkl7ZfH1JTs-hS8FGtZiZN3zxdPSnrlHEzIP5gPpF4jfUG2dl0ln0pojqJMsrJ4D1-m_yg2C0AeosRGRCo7fOG_o0nskgSqJXhwFsCmM8BebWe3Ara_ZI0DzlsC4sOSU5W-Iy9Wumj-0aJx8Y0MNsPyeqlQXxtXqYHX60yGI3OK', 'width': 7360}]",ChIJ6c48-fd744kRrkfjS1lcSl8,"{'compound_code': '7XF9+GW Quincy, Massachusetts, USA', 'global_code': '87JC7XF9+GW'}",4.2,ChIJ6c48-fd744kRrkfjS1lcSl8,"['lodging', 'point_of_interest', 'establishment']",250,1 Arlington St," Quincy, MA 02171, United States"
OPERATIONAL,"110 Royall St, Canton, MA 02021, United States","{'location': {'lat': 42.2069331, 'lng': -71.1274607}, 'viewport': {'northeast': {'lat': 42.20826822989272, 'lng': -71.12578352010728}, 'southwest': {'lat': 42.20556857010727, 'lng': -71.12848317989271}}}",https://maps.gstatic.com/mapfiles/place_api/icons/v1/png_71/lodging-71.png,#909CE1,https://maps.gstatic.com/mapfiles/place_api/icons/v2/hotel_pinlet,Hilton Garden Inn Boston Canton,,"[{'height': 1908, 'html_attributions': ['<a href=""https://maps.google.com/maps/contrib/117687744884703829751"">janie kelly</a>'], 'photo_reference': 'ATJ83ziJAlsUNYM3_hKfbng6kioqi1aUj6mmn4z8o0v61ezeeX3HuS_FyD8nFtnj0vslNa7rs7Tly-lpBUWKX3JEO_gRDRbyFR0gjNfpilViLBOPA48_ghxocM8pCqcetxBO7iFGsl4q3vG_nvHb8TslppUz8YDC0i5Yz5uIwFCuBCXrSzj1', 'width': 4128}]",ChIJd_b2aNmB5IkR3sI9Bfx0SBI,"{'compound_code': '6V4F+Q2 Canton, Massachusetts, USA', 'global_code': '87JC6V4F+Q2'}",4.5,ChIJd_b2aNmB5IkR3sI9Bfx0SBI,"['lodging', 'point_of_interest', 'establishment']",289,110 Royall St," Canton, MA 02021, United States"
OPERATIONAL,"19 Stuart St, Boston, MA 02116, United States","{'location': {'lat': 42.35121600000001, 'lng': -71.06345440000001}, 'viewport': {'northeast': {'lat': 42.35246097989272, 'lng': -71.06210262010727}, 'southwest': {'lat': 42.34976132010728, 'lng': -71.06480227989272}}}",https://maps.gstatic.com/mapfiles/place_api/icons/v1/png_71/lodging-71.png,#909CE1,https://maps.gstatic.com/mapfiles/place_api/icons/v2/hotel_pinlet,HI Boston Hostel,{'open_now': True},"[{'height': 3024, 'html_attributions': ['<a href=""https://maps.google.com/maps/contrib/105085306410128519600"">HI - Boston Hostel</a>'], 'photo_reference': 'ATJ83zhyKwXfiFi104UIf3ivvpGd-CQXYtlhivBNmGeGN8jmrJLd3-VYrc45i1VDILSJ1Eo0bm19QJXnfkEx15zD83-ENx2zf5nWROk-iTgek89Atyo9Oa9JgOxMWkBRzfyshU7Ee2ZwlFVfEdjMw3tEarrKH0Ua0WuNfrBFav5P8l1gkw9-', 'width': 4032}]",ChIJoT6DGht644kR0Z24qSnV44I,"{'compound_code': '9W2P+FJ Boston, Massachusetts, USA', 'global_code': '87JC9W2P+FJ'}",4.4,ChIJoT6DGht644kR0Z24qSnV44I,"['lodging', 'point_of_interest', 'establishment']",2296,19 Stuart St," Boston, MA 02116, United States"
OPERATIONAL,"239 W Newton St, Boston, MA 02116, United States","{'location': {'lat': 42.3445231, 'lng': -71.0802777}, 'viewport': {'northeast': {'lat': 42.34585082989272, 'lng': -71.07895497010728}, 'southwest': {'lat': 42.34315117010728, 'lng': -71.08165462989271}}}",https://maps.gstatic.com/mapfiles/place_api/icons/v1/png_71/generic_business-71.png,#7B9EB0,https://maps.gstatic.com/mapfiles/place_api/icons/v2/generic_pinlet,Copley House,{'open_now': True},"[{'height': 1367, 'html_attributions': ['<a href=""https://maps.google.com/maps/contrib/109790239219546752254"">Copley House</a>'], 'photo_reference': 'ATJ83zhQeIFkG-xCyYEhSZYi1bWiFELcFMGY22pHl4MzpWUsZTchqFbVNNcsFVwHkvQrWGxYXsTh0H_yJ2qyRwlJxeDOF1O3yWwMHQZb_l2X6g5WjSvetNfH12aLEZKMoKIgQDtuzKzUhop3lRXuLzsBzGNUJZx4fep24lu6LduzXYnc5Zoo', 'width': 2048}]",ChIJT_fahBF644kR7TbKo5TFTAQ,"{'compound_code': '8WV9+RW Boston, Massachusetts, USA', 'global_code': '87JC8WV9+RW'}",3.8,ChIJT_fahBF644kR7TbKo5TFTAQ,"['lodging', 'point_of_interest', 'establishment']",199,239 W Newton St," Boston, MA 02116, United States"
OPERATIONAL,"63 R, 63 Boston St, Boston, MA 02125, United States","{'location': {'lat': 42.326362, 'lng': -71.0605163}, 'viewport': {'northeast': {'lat': 42.32776767989272, 'lng': -71.05894147010729}, 'southwest': {'lat': 42.32506802010728, 'lng': -71.06164112989273}}}",https://maps.gstatic.com/mapfiles/place_api/icons/v1/png_71/lodging-71.png,#909CE1,https://maps.gstatic.com/mapfiles/place_api/icons/v2/hotel_pinlet,Courtyard by Marriott Boston-South Boston,,"[{'height': 320, 'html_attributions': ['<a href=""https://maps.google.com/maps/contrib/102977775891479406104"">Courtyard Boston-South Boston</a>'], 'photo_reference': 'ATJ83zg-cousFJyP3iP8SJ313bcm115dZRPHQbaWm-CHNTjNQmt9CDwDJ_-O6BUkrGcaEMI9ZBA4AeHs99Svq82DFGXkldU4myGFwqDnfT_6LZfqegFb9-1CL02pEDne-FvApb89XAh-4a87Ix9ocGrW3RpBR0beU_lxQLV0tSP4o6so_413', 'width': 480}]",ChIJv4_a31p644kRfjLAdXhcjhM,"{'compound_code': '8WGQ+GQ Boston, Massachusetts, USA', 'global_code': '87JC8WGQ+GQ'}",4.2,ChIJv4_a31p644kRfjLAdXhcjhM,"['lodging', 'point_of_interest', 'establishment']",890,63 R," 63 Boston St, Boston, MA 02125, United States"
OPERATIONAL,"140 Clarendon St, Boston, MA 02116, United States","{'location': {'lat': 42.3486305, 'lng': -71.07446}, 'viewport': {'northeast': {'lat': 42.35001057989272, 'lng': -71.07299857010727}, 'southwest': {'lat': 42.34731092010728, 'lng': -71.07569822989272}}}",https://maps.gstatic.com/mapfiles/place_api/icons/v1/png_71/generic_business-71.png,#7B9EB0,https://maps.gstatic.com/mapfiles/place_api/icons/v2/generic_pinlet,140 Clarendon,{'open_now': True},"[{'height': 800, 'html_attributions': ['<a href=""https://maps.google.com/maps/contrib/106826419484003068537"">Clarendon Residences LLC</a>'], 'photo_reference': 'ATJ83ziV1pL9Eh96RrB0LcYaYlniRWWMhTRyCCYntyLmxufBQFDt2dTUiJoMCwqsle1S8oh9jljC3lION560X5ssVpkoEufMFdoMFH1lmF54y465lrCxSH11ABRfs5F-pl2km2ONtjPf6XomFxnsWoZcRsR04PEsRTPYlyuRqbiNhUTRWkja', 'width': 533}]",ChIJXY3rzwx644kRXmLjatcCSyk,"{'compound_code': '8WXG+F6 Boston, Massachusetts, USA', 'global_code': '87JC8WXG+F6'}",3.9,ChIJXY3rzwx644kRXmLjatcCSyk,"['lodging', 'point_of_interest', 'establishment']",414,140 Clarendon St," Boston, MA 02116, United States"
OPERATIONAL,"6 W Broadway, Boston, MA 02127, United States","{'location': {'lat': 42.3433184, 'lng': -71.05709929999999}, 'viewport': {'northeast': {'lat': 42.34468687989272, 'lng': -71.05579997010727}, 'southwest': {'lat': 42.34198722010728, 'lng': -71.05849962989272}}}",https://maps.gstatic.com/mapfiles/place_api/icons/v1/png_71/lodging-71.png,#909CE1,https://maps.gstatic.com/mapfiles/place_api/icons/v2/hotel_pinlet,"Cambria Hotel Boston, Downtown-South Boston",,"[{'height': 400, 'html_attributions': ['<a href=""https://maps.google.com/maps/contrib/117801456818324002099"">A Google User</a>'], 'photo_reference': 'ATJ83zj7KEVE0v2T39lzwg66kaK9DknWBmbCrXyQzD5Anz5WteXWyV8dEIoPOFOtEWs7dDB1F473vqNEky0K30_MqeTofv2VB7Q2IJ3821aY6YPTQjkLYKSbdGjOh8ho_zMAo-_W7xAaqWnL2NiKDX3414SzPcRbxWwQA7dzOdV6AGEz4sEP', 'width': 711}]",ChIJwQFOzKl744kRqgqXrrwqK9Q,"{'compound_code': '8WVV+85 Boston, Massachusetts, USA', 'global_code': '87JC8WVV+85'}",3.8,ChIJwQFOzKl744kRqgqXrrwqK9Q,"['lodging', 'point_of_interest', 'establishment']",442,6 W Broadway," Boston, MA 02127, United States"
OPERATIONAL,"360 Foley St, Somerville, MA 02145, United States","{'location': {'lat': 42.3932788, 'lng': -71.0793906}, 'viewport': {'northeast': {'lat': 42.39458627989273, 'lng': -71.07803027010728}, 'southwest': {'lat': 42.39188662010728, 'lng': -71.08072992989271}}}",https://maps.gstatic.com/mapfiles/place_api/icons/v1/png_71/lodging-71.png,#909CE1,https://maps.gstatic.com/mapfiles/place_api/icons/v2/hotel_pinlet,"The Row Hotel at Assembly Row, Autograph Collection",,"[{'height': 320, 'html_attributions': ['<a href=""https://maps.google.com/maps/contrib/105558830070643183768"">A Google User</a>'], 'photo_reference': 'ATJ83zjznjPyFA9gGfrwF3Nndur6kxgyaablDqGE-lMVDUnEw9tj0hJMpC23zdzvDn5v81kc-XbUtyqS-KGj_ZZwNUCV47tnifgCBMu8ojY1tkAcCmqFby0wmHDZr2w0xbe2jistcwNxrVle56EigFDGE9sIxRWExMaTSR7MPI5xF_ymvTb9', 'width': 480}]",ChIJVWplL-1x44kRhloUQy4LK4A,"{'compound_code': '9WVC+86 Somerville, Massachusetts, USA', 'global_code': '87JC9WVC+86'}",4.5,ChIJVWplL-1x44kRhloUQy4LK4A,"['lodging', 'point_of_interest', 'establishment']",531,360 Foley St," Somerville, MA 02145, United States"
OPERATIONAL,"39 Dalton St, Boston, MA 02199, United States","{'location': {'lat': 42.3465151, 'lng': -71.08392239999999}, 'viewport': {'northeast': {'lat': 42.34771882989272, 'lng': -71.08310602010728}, 'southwest': {'lat': 42.34501917010728, 'lng': -71.08580567989273}}}",https://maps.gstatic.com/mapfiles/place_api/icons/v1/png_71/lodging-71.png,#909CE1,https://maps.gstatic.com/mapfiles/place_api/icons/v2/hotel_pinlet,Sheraton Boston Hotel,,"[{'height': 2252, 'html_attributions': ['<a href=""https://maps.google.com/maps/contrib/117357505912753962005"">Edwar Patino</a>'], 'photo_reference': 'ATJ83zjNqofuEuQ3bn-5sFE5ewEFzUI4XWKoL4kWpnK4-oTp8IlzzD_hjsnIm0Viy59ohHyKTwxWS_gYDQoSxQCFSLYYkmE4BTy4KfWZqVAxiLIp4RE5ruAowxXBs1Q7jotfsXEFF687ZkomuWr5WX2f07CKFhZxPCB619xexbPWiZSVz6v6', 'width': 4000}]",ChIJJ6TnFRB644kR08eyYr7PSzw,"{'compound_code': '8WW8+JC Boston, Massachusetts, USA', 'global_code': '87JC8WW8+JC'}",4.1,ChIJJ6TnFRB644kR08eyYr7PSzw,"['lodging', 'point_of_interest', 'establishment']",5575,39 Dalton St," Boston, MA 02199, United States"
OPERATIONAL,"1 Ave de Lafayette, Boston, MA 02111, United States","{'location': {'lat': 42.3535479, 'lng': -71.0609509}, 'viewport': {'northeast': {'lat': 42.35481397989272, 'lng': -71.05980372010727}, 'southwest': {'lat': 42.35211432010728, 'lng': -71.0625033798927}}}",https://maps.gstatic.com/mapfiles/place_api/icons/v1/png_71/lodging-71.png,#909CE1,https://maps.gstatic.com/mapfiles/place_api/icons/v2/hotel_pinlet,Hyatt Regency Boston,{'open_now': True},"[{'height': 5011, 'html_attributions': ['<a href=""https://maps.google.com/maps/contrib/117146641884946656157"">A Google User</a>'], 'photo_reference': 'ATJ83zgjlARiplx4O7iCtaGJVrbuxqYCE2XTTNSg-lAQkrt5fd9H3JU1Vy5Xvx8sZRF5wXOAX4zgjyDmQrSOB1TeIwaBvekgc69sQnrWSgYFm6s0rZS-XANeFJZfLM4-mXtlhX6fmwEfwgMYx9tPXz_1N4l-1K9o5eSzy-FQDCleT6zGXgFN', 'width': 6162}]",ChIJdeTFsYJw44kRms7zcSP8j5w,"{'compound_code': '9W3Q+CJ Boston, Massachusetts, USA', 'global_code': '87JC9W3Q+CJ'}",4.3,ChIJdeTFsYJw44kRms7zcSP8j5w,"['lodging', 'point_of_interest', 'establishment']",3187,1 Ave de Lafayette," Boston, MA 02111, United States"
OPERATIONAL,"370 Commonwealth Ave, Boston, MA 02215, United States","{'location': {'lat': 42.3485893, 'lng': -71.088731}, 'viewport': {'northeast': {'lat': 42.35008332989272, 'lng': -71.08739877010727}, 'southwest': {'lat': 42.34738367010728, 'lng': -71.09009842989272}}}",https://maps.gstatic.com/mapfiles/place_api/icons/v1/png_71/lodging-71.png,#909CE1,https://maps.gstatic.com/mapfiles/place_api/icons/v2/hotel_pinlet,The Eliot Hotel,{'open_now': True},"[{'height': 1474, 'html_attributions': ['<a href=""https://maps.google.com/maps/contrib/113105005004545074751"">A Google User</a>'], 'photo_reference': 'ATJ83zgd1B9tiE3WoMA7cdwqpiiQOQSpwQcsYJI7t3OjeCGTHFxtJ16Ll04d8m_kdxi7JLao5HJv4W2qMcAPEZN19x0FYPw2Q3eQN_nZAYlmc9Pm2qNAp9RL7SstDccRzLi8N-Do0-J3pZk9-LW5C8kwK1JQsNRFD3uGrtsYVPXM1M3SQXf0', 'width': 1422}]",ChIJRXJQ1wR644kRg4P39DDMls4,"{'compound_code': '8WX6+CG Boston, Massachusetts, USA', 'global_code': '87JC8WX6+CG'}",4.6,ChIJRXJQ1wR644kRg4P39DDMls4,"['lodging', 'point_of_interest', 'establishment']",494,370 Commonwealth Ave," Boston, MA 02215, United States"
OPERATIONAL,"450 Summer Street, Boston, MA 02210, United States","{'location': {'lat': 42.3470497, 'lng': -71.0421624}, 'viewport': {'northeast': {'lat': 42.34823347989272, 'lng': -71.04117177010728}, 'southwest': {'lat': 42.34553382010728, 'lng': -71.04387142989272}}}",https://maps.gstatic.com/mapfiles/place_api/icons/v1/png_71/lodging-71.png,#909CE1,https://maps.gstatic.com/mapfiles/place_api/icons/v2/hotel_pinlet,Omni Boston Hotel at the Seaport,{'open_now': True},"[{'height': 1406, 'html_attributions': ['<a href=""https://maps.google.com/maps/contrib/115378433612988234672"">A Google User</a>'], 'photo_reference': 'ATJ83zg2drn4jytPKhL10R7VOP4fh0ZZEqlyAb3USgR9UN36pZtYxzgaHHim1CNa-rGcPYLGnn3TVbvVBcrv-FLSdpOjmFhiEQxAHsyVpucY-uFP5IHHHJEOfcFScZr_gHSxFcN0ZfPj9dQvipkdPnda2hWn9QJaJWY6Rj1MnHd74Ptlfo2u', 'width': 2500}]",ChIJzS6jes1744kRN-ZVC0NAV8U,"{'compound_code': '8XW5+R4 Boston, Massachusetts, USA', 'global_code': '87JC8XW5+R4'}",4.4,ChIJzS6jes1744kRN-ZVC0NAV8U,"['lodging', 'point_of_interest', 'establishment']",1031,450 Summer Street," Boston, MA 02210, United States"
OPERATIONAL,"1610 2nd Ave, Seattle, WA 98101, United States","{'location': {'lat': 47.6109383, 'lng': -122.3400693}, 'viewport': {'northeast': {'lat': 47.61221612989272, 'lng': -122.3388335201073}, 'southwest': {'lat': 47.60951647010727, 'lng': -122.3415331798927}}}",https://maps.gstatic.com/mapfiles/place_api/icons/v1/png_71/lodging-71.png,#909CE1,https://maps.gstatic.com/mapfiles/place_api/icons/v2/hotel_pinlet,"The Charter Hotel Seattle, Curio Collection by Hilton",,"[{'height': 926, 'html_attributions': ['<a href=""https://maps.google.com/maps/contrib/107675932688387234165"">A Google User</a>'], 'photo_reference': 'ATJ83zgAXfKLmXZN6ZAWw-7uz7y7tc5AwzAE9rDZNmeuXHjBdHPgLPUhc76WUXQFhmINKl48k6L-KOmqyVePT-7EeGtntWMbDOB8VuXVk-lTuDXbKjAxthqr5HAp69nXuoaB7Iq6WVWq8smWrOiCgWcKo-td_IeownwWOg3V2dC6Z_gfKKFZ', 'width': 750}]",ChIJQaSqYnVrkFQRslO74UY2aWA,"{'compound_code': 'JM65+9X Seattle, Washington, USA', 'global_code': '84VVJM65+9X'}",4.1,ChIJQaSqYnVrkFQRslO74UY2aWA,"['lodging', 'point_of_interest', 'establishment']",897,1610 2nd Ave," Seattle, WA 98101, United States"
OPERATIONAL,"724 Pine St, Seattle, WA 98101, United States","{'location': {'lat': 47.6132278, 'lng': -122.3334802}, 'viewport': {'northeast': {'lat': 47.61452887989272, 'lng': -122.3321301201073}, 'southwest': {'lat': 47.61182922010727, 'lng': -122.3348297798928}}}",https://maps.gstatic.com/mapfiles/place_api/icons/v1/png_71/lodging-71.png,#909CE1,https://maps.gstatic.com/mapfiles/place_api/icons/v2/hotel_pinlet,The Paramount Hotel,{'open_now': True},"[{'height': 694, 'html_attributions': ['<a href=""https://maps.google.com/maps/contrib/107153644122096801706"">A Google User</a>'], 'photo_reference': 'ATJ83zgjel55cbY3QfgLuMauGKKR6kK1_Qx8HEe2fw1hkVuiOjpcgP_6Idn5mF3IF-Vm5mmnQhPAyfda2aafM_vhclMCrd4dyWMb8dTpWPInpn4exKlarvOcLrwKjIHIQDkaqoDLNDJ_ASrqsMVvP5fd3phUUmLELPFqG3HavbnFI2SK19W8', 'width': 1000}]",ChIJmRJvL7VqkFQR3HFRJVd5VZI,"{'compound_code': 'JM78+7G Seattle, Washington, USA', 'global_code': '84VVJM78+7G'}",4.5,ChIJmRJvL7VqkFQR3HFRJVd5VZI,"['lodging', 'point_of_interest', 'establishment']",2148,724 Pine St," Seattle, WA 98101, United States"
OPERATIONAL,"1301 6th Ave, Seattle, WA 98101, United States","{'location': {'lat': 47.609174, 'lng': -122.3331396}, 'viewport': {'northeast': {'lat': 47.61056522989271, 'lng': -122.3315926201073}, 'southwest': {'lat': 47.60786557010726, 'lng': -122.3342922798928}}}",https://maps.gstatic.com/mapfiles/place_api/icons/v1/png_71/lodging-71.png,#909CE1,https://maps.gstatic.com/mapfiles/place_api/icons/v2/hotel_pinlet,Hilton Seattle,,"[{'height': 4000, 'html_attributions': ['<a href=""https://maps.google.com/maps/contrib/109244661119177815831"">A Google User</a>'], 'photo_reference': 'ATJ83zgPP-PmZ8QFkXg4EA7bKhTnUb5Zr_DwWLYibU7bjsIADxhlT8zYcMNHkQH6vsq8jhzeyWELSZ6Qf6Sp61CRCbRKEtrgBCRteHJ7uPeFEWBlUFY3Xf_leSMo6bNFH7O9q6oEZMr3pjSDqMSIL0uBkVG6djyBRBJ2BYvIOo2QFfA97Pg', 'width': 6000}]",ChIJ9dZeFrRqkFQRF14LSyO4FUw,"{'compound_code': 'JM58+MP Seattle, Washington, USA', 'global_code': '84VVJM58+MP'}",4,ChIJ9dZeFrRqkFQRF14LSyO4FUw,"['lodging', 'point_of_interest', 'establishment']",2175,1301 6th Ave," Seattle, WA 98101, United States"
OPERATIONAL,"9550 1st Ave NE, Seattle, WA 98115, United States","{'location': {'lat': 47.6992564, 'lng': -122.3281395}, 'viewport': {'northeast': {'lat': 47.70062402989272, 'lng': -122.3269312201073}, 'southwest': {'lat': 47.69792437010727, 'lng': -122.3296308798927}}}",https://maps.gstatic.com/mapfiles/place_api/icons/v1/png_71/lodging-71.png,#909CE1,https://maps.gstatic.com/mapfiles/place_api/icons/v2/hotel_pinlet,Hampton Inn & Suites by Hilton Seattle/Northgate,,"[{'height': 3376, 'html_attributions': ['<a href=""https://maps.google.com/maps/contrib/115864084971798122688"">Hampton Inn &amp; Suites by Hilton Seattle/Northgate</a>'], 'photo_reference': 'ATJ83zjnU4oYiGja0k1xXetlZJwihGRGdT7MDCRJfmNN31Oyp51iXWVsY5p_DFBtT_soDm22MvnFXfEUuG7uzw8JsZEXqdrbUVy6bxzXhoIAHFwx_rvYCcBQxAM22Yjnz3mBhYmoDYPEpcCRct8UFqgdY-Yn0HqVwk_0GmKBTs0KaI2dOBXx', 'width': 5064}]",ChIJwVhBjQAUkFQRwTOaoHKf5Zk,"{'compound_code': 'MMXC+PP Seattle, Washington, USA', 'global_code': '84VVMMXC+PP'}",4.3,ChIJwVhBjQAUkFQRwTOaoHKf5Zk,"['lodging', 'point_of_interest', 'establishment']",997,9550 1st Ave NE," Seattle, WA 98115, United States"
OPERATIONAL,"2120 4th Ave, Seattle, WA 98121, United States","{'location': {'lat': 47.6144112, 'lng': -122.3418515}, 'viewport': {'northeast': {'lat': 47.61569787989272, 'lng': -122.3406286201073}, 'southwest': {'lat': 47.61299822010728, 'lng': -122.3433282798928}}}",https://maps.gstatic.com/mapfiles/place_api/icons/v1/png_71/lodging-71.png,#909CE1,https://maps.gstatic.com/mapfiles/place_api/icons/v2/hotel_pinlet,"The Sound Hotel Seattle Belltown, Tapestry Collection by Hilton",,"[{'height': 3227, 'html_attributions': ['<a href=""https://maps.google.com/maps/contrib/115758687409166017775"">A Google User</a>'], 'photo_reference': 'ATJ83zi5GMh2stJl_BvF9yNn5003MV5dSQKAPgOEalTT76jrxR9PuGMk0noWDpXbLOXZJuOGXw8enElJzo7PNlLyHRu7UO7p89gWd5lWoGmeGgHNEXonJkzbalL-VsrKw4RWywKbgOsuTL6qRVB52EoSPQVC04IIyGOSXRIEPFUcPERkeod1', 'width': 4840}]",ChIJS0pxekwVkFQRLcHokmstlyY,"{'compound_code': 'JM75+Q7 Seattle, Washington, USA', 'global_code': '84VVJM75+Q7'}",4.6,ChIJS0pxekwVkFQRLcHokmstlyY,"['lodging', 'point_of_interest', 'establishment']",550,2120 4th Ave," Seattle, WA 98121, United States"
OPERATIONAL,"601 Roy St, Seattle, WA 98109, United States","{'location': {'lat': 47.6249635, 'lng': -122.3447049}, 'viewport': {'northeast': {'lat': 47.62646812989272, 'lng': -122.3433537701073}, 'southwest': {'lat': 47.62376847010727, 'lng': -122.3460534298927}}}",https://maps.gstatic.com/mapfiles/place_api/icons/v1/png_71/lodging-71.png,#909CE1,https://maps.gstatic.com/mapfiles/place_api/icons/v2/hotel_pinlet,Four Points by Sheraton Downtown Seattle Center,,"[{'height': 683, 'html_attributions': ['<a href=""https://maps.google.com/maps/contrib/112157385487185385567"">Four Points by Sheraton Downtown Seattle Center</a>'], 'photo_reference': 'ATJ83zi9lxYzHnr0eyCHbuVdgU1J1LWsbo-KF8-FWuCY9sZs9wbBs5OJ89rkPc7L0qdWQHrtjn0FocUtLYNei_Eot_jTJUxR5hE1CKlDKl81_AHC3llH6my0jTKK4yEM-wzcfBaWennnZZu8mJtPz4Kuvlj_Ecm4VFGNZTFdcGlrh3KAv4hD', 'width': 1215}]",ChIJl5GuvDgVkFQRiSrC0gjJSSw,"{'compound_code': 'JMF4+X4 Seattle, Washington, USA', 'global_code': '84VVJMF4+X4'}",4,ChIJl5GuvDgVkFQRiSrC0gjJSSw,"['lodging', 'point_of_interest', 'establishment']",1056,601 Roy St," Seattle, WA 98109, United States"
OPERATIONAL,"4501 12th Ave NE, Seattle, WA 98105, United States","{'location': {'lat': 47.6617384, 'lng': -122.3156575}, 'viewport': {'northeast': {'lat': 47.66319597989272, 'lng': -122.3141852701073}, 'southwest': {'lat': 47.66049632010728, 'lng': -122.3168849298927}}}",https://maps.gstatic.com/mapfiles/place_api/icons/v1/png_71/lodging-71.png,#909CE1,https://maps.gstatic.com/mapfiles/place_api/icons/v2/hotel_pinlet,Residence Inn by Marriott Seattle University District,,"[{'height': 683, 'html_attributions': ['<a href=""https://maps.google.com/maps/contrib/100082079509373485421"">Residence Inn Seattle University District</a>'], 'photo_reference': 'ATJ83zjpP4syk_Dl-AV3OqrqjmAthNBuVfFPow9pAMwsCqHeWcK9pv-vVTw--PnpxzgGZwICBiv4M8qzcK8P8N6BmBXM6a2rPodQAw5ha9ZgXKxVEDWzaExYNK6iJWcDid0fFDPtQQKTyawz34LqDO0dbRFJICRJLflOaJMGNu3NHpblF3Lt', 'width': 1215}]",ChIJ73yPzIoUkFQRxfi6iaSx49M,"{'compound_code': 'MM6M+MP Seattle, Washington, USA', 'global_code': '84VVMM6M+MP'}",4.5,ChIJ73yPzIoUkFQRxfi6iaSx49M,"['lodging', 'point_of_interest', 'establishment']",644,4501 12th Ave NE," Seattle, WA 98105, United States"
OPERATIONAL,"1821 Boren Ave, Seattle, WA 98101, United States","{'location': {'lat': 47.6164953, 'lng': -122.3324579}, 'viewport': {'northeast': {'lat': 47.61792932989273, 'lng': -122.3309972201073}, 'southwest': {'lat': 47.61522967010728, 'lng': -122.3336968798928}}}",https://maps.gstatic.com/mapfiles/place_api/icons/v1/png_71/lodging-71.png,#909CE1,https://maps.gstatic.com/mapfiles/place_api/icons/v2/hotel_pinlet,Hilton Garden Inn Seattle Downtown,,"[{'height': 3744, 'html_attributions': ['<a href=""https://maps.google.com/maps/contrib/113255316381071865240"">Hilton Garden Inn</a>'], 'photo_reference': 'ATJ83zhvWNUo5rs67cCndIw9_cNMkkBDfcA5LeA_5MfZIaILkpCrLJxeZPQD4WRiQkaiaffg_vlAfHDfRdUjYNo-LRYbEmXqYH19hQqUkBmoO9uBlwF3TaH-kk0_BObCOKbaThkj5o4HKIu2W4ov7GyUt1DUbq3VaEjU0p7Ns_NeGETR4S2g', 'width': 5616}]",ChIJ8xyOnzUVkFQRhdvlfy2g_xg,"{'compound_code': 'JM89+H2 Seattle, Washington, USA', 'global_code': '84VVJM89+H2'}",4.2,ChIJ8xyOnzUVkFQRhdvlfy2g_xg,"['lodging', 'point_of_interest', 'establishment']",1813,1821 Boren Ave," Seattle, WA 98101, United States"
OPERATIONAL,"1501 2nd Ave, Seattle, WA 98101, United States","{'location': {'lat': 47.6093208, 'lng': -122.3393189}, 'viewport': {'northeast': {'lat': 47.61074382989272, 'lng': -122.3378388701073}, 'southwest': {'lat': 47.60804417010728, 'lng': -122.3405385298927}}}",https://maps.gstatic.com/mapfiles/place_api/icons/v1/png_71/lodging-71.png,#909CE1,https://maps.gstatic.com/mapfiles/place_api/icons/v2/hotel_pinlet,The State Hotel,{'open_now': True},"[{'height': 3033, 'html_attributions': ['<a href=""https://maps.google.com/maps/contrib/111657545774997686415"">A Google User</a>'], 'photo_reference': 'ATJ83zjzhbNViPWoNZGpIs38usvt-VbaokhM0G31a8TmSOdQ8O9jenPm6LNn0AAot0gKK_Ow6D1lWir8h37nniYRwMab_FZ0l4flPXAq60p_wKCBXHWuYNVbc3sclycgkBvCDrUdzuk2uSpDP3s-3-ypOmz0wmf9reaPrZsEMZP6Qabt3TeK', 'width': 5400}]",ChIJB1XqBLNqkFQRJ8BCteQqDmo,"{'compound_code': 'JM56+P7 Seattle, Washington, USA', 'global_code': '84VVJM56+P7'}",4.4,ChIJB1XqBLNqkFQRJ8BCteQqDmo,"['lodging', 'point_of_interest', 'establishment']",385,1501 2nd Ave," Seattle, WA 98101, United States"
OPERATIONAL,"401 Lenora St, Seattle, WA 98121, United States","{'location': {'lat': 47.613998, 'lng': -122.3408327}, 'viewport': {'northeast': {'lat': 47.61509722989272, 'lng': -122.3395748201073}, 'southwest': {'lat': 47.61239757010727, 'lng': -122.3422744798928}}}",https://maps.gstatic.com/mapfiles/place_api/icons/v1/png_71/lodging-71.png,#909CE1,https://maps.gstatic.com/mapfiles/place_api/icons/v2/hotel_pinlet,Warwick Seattle,,"[{'height': 1295, 'html_attributions': ['<a href=""https://maps.google.com/maps/contrib/100764188226655278217"">Warwick Seattle Hotel</a>'], 'photo_reference': 'ATJ83zgfB7aHbhyfzxNpl3TfYZU6-f8o5DoIvXGamNYT6cb_bewB2E9jKRkNVkGUpwSVpzAJc0r3uUW-FIBnxcaO7v6gxQZUT6NpjpZzGVbJLD8KNSfXc0WaY2JG5ZbXObfub3upKZQunPezB3ShN7hJo5758MKXR8Nq4fJb4mTY9qSfOTLX', 'width': 2000}]",ChIJW2wzfksVkFQRIaM8ID80KiA,"{'compound_code': 'JM75+HM Seattle, Washington, USA', 'global_code': '84VVJM75+HM'}",3.8,ChIJW2wzfksVkFQRIaM8ID80KiA,"['lodging', 'point_of_interest', 'establishment']",2278,401 Lenora St," Seattle, WA 98121, United States"
OPERATIONAL,"4710 Lake Washington Blvd NE, Renton, WA 98056, United States","{'location': {'lat': 47.5333546, 'lng': -122.19442}, 'viewport': {'northeast': {'lat': 47.53479622989271, 'lng': -122.1932137701073}, 'southwest': {'lat': 47.53209657010727, 'lng': -122.1959134298927}}}",https://maps.gstatic.com/mapfiles/place_api/icons/v1/png_71/lodging-71.png,#909CE1,https://maps.gstatic.com/mapfiles/place_api/icons/v2/hotel_pinlet,Inn at Lake Washington,,"[{'height': 1920, 'html_attributions': ['<a href=""https://maps.google.com/maps/contrib/101618989569611363780"">A Google User</a>'], 'photo_reference': 'ATJ83zhLpOvJfhweXVMMjlomk_W6usQnbRV3I7rZlivRMQ49klb-A1ebz-t-ZiwFhepeSMSFsPUWeI8wVZ-VGVrQoEra7zFCgrhgyfuyoVboRAtFLNCEEX6dVg38F7POY59SUdNCkCrMcpOzf0IDSU7qQovkQeiC6WpAZFzPx9o9SrQmyQ9a', 'width': 2880}]",ChIJeRAgsalpkFQRf6p0sjXy0xY,"{'compound_code': 'GRM4+86 Renton, Washington, USA', 'global_code': '84VVGRM4+86'}",3.2,ChIJeRAgsalpkFQRf6p0sjXy0xY,"['lodging', 'point_of_interest', 'establishment']",92,4710 Lake Washington Blvd NE," Renton, WA 98056, United States"
OPERATIONAL,"1415 5th Ave, Seattle, WA 98101, United States","{'location': {'lat': 47.610082, 'lng': -122.3355909}, 'viewport': {'northeast': {'lat': 47.61149257989273, 'lng': -122.3339742201073}, 'southwest': {'lat': 47.60879292010728, 'lng': -122.3366738798927}}}",https://maps.gstatic.com/mapfiles/place_api/icons/v1/png_71/lodging-71.png,#909CE1,https://maps.gstatic.com/mapfiles/place_api/icons/v2/hotel_pinlet,Hilton Motif Seattle,,"[{'height': 6117, 'html_attributions': ['<a href=""https://maps.google.com/maps/contrib/105157468742178433071"">A Google User</a>'], 'photo_reference': 'ATJ83zgmDBJWY5wS4q3ne2FS_ti_MNvNYwP3sfle4-GnttvAoOgeIxITDoUam5MdhJasbW-z5F-pj-iq0vl3kCSmzl-v37aT1wujzeeW2nZs7D7DGG_IfiRYZeTIF7WentlENwUQk7RfnYG9RH1xI-7dFfTYqsVpRLVEvi-exhk6rTTBvBNL', 'width': 8156}]",ChIJjblmfrRqkFQR7YAY-CZIzgo,"{'compound_code': 'JM67+2Q Seattle, Washington, USA', 'global_code': '84VVJM67+2Q'}",4.2,ChIJjblmfrRqkFQR7YAY-CZIzgo,"['lodging', 'point_of_interest', 'establishment']",2821,1415 5th Ave," Seattle, WA 98101, United States"
OPERATIONAL,"1400 6th Ave, Seattle, WA 98101, United States","{'location': {'lat': 47.6108276, 'lng': -122.3340024}, 'viewport': {'northeast': {'lat': 47.61237762989272, 'lng': -122.3328306201073}, 'southwest': {'lat': 47.60967797010728, 'lng': -122.3355302798927}}}",https://maps.gstatic.com/mapfiles/place_api/icons/v1/png_71/lodging-71.png,#909CE1,https://maps.gstatic.com/mapfiles/place_api/icons/v2/hotel_pinlet,Sheraton Grand Seattle,,"[{'height': 320, 'html_attributions': ['<a href=""https://maps.google.com/maps/contrib/108150448809091530270"">Sheraton Seattle Hotel</a>'], 'photo_reference': 'ATJ83ziM67u6kpFpDY86rUyDRX4kZdt5W2-54vqZ8SVArVnGdARx6yrxHMWQ2CA0gN3oOTjfPh1xtijO2Herg6VXIeOS9_beKUJkXUmQZj4T8HusURW-OWhHg23H0dwVslVRsUpw6VkdGOr5K7IdgW4CeHl-EMD-sl1j6uAXx99znH_LuQI_', 'width': 480}]",ChIJQVJVX7RqkFQRcpsm3VVub9U,"{'compound_code': 'JM68+89 Seattle, Washington, USA', 'global_code': '84VVJM68+89'}",4.4,ChIJQVJVX7RqkFQRcpsm3VVub9U,"['lodging', 'point_of_interest', 'establishment']",6212,1400 6th Ave," Seattle, WA 98101, United States"
OPERATIONAL,"105 Pike St, Seattle, WA 98101, United States","{'location': {'lat': 47.6088793, 'lng': -122.3395697}, 'viewport': {'northeast': {'lat': 47.61026872989272, 'lng': -122.3382550201073}, 'southwest': {'lat': 47.60756907010727, 'lng': -122.3409546798927}}}",https://maps.gstatic.com/mapfiles/place_api/icons/v1/png_71/lodging-71.png,#909CE1,https://maps.gstatic.com/mapfiles/place_api/icons/v2/hotel_pinlet,Green Tortoise Hostel Seattle,{'open_now': True},"[{'height': 668, 'html_attributions': ['<a href=""https://maps.google.com/maps/contrib/112457393202899543901"">Green Tortoise Hostel</a>'], 'photo_reference': 'ATJ83zitTj45oqcvcP0VyKYIQ7Ay2VD_T4rUVQ_E9oe1dbwFLqw1OortpgtZoHjYcnM8yJLmS0u9DK2xTDNO_FAnUjr1lPde4Polr-cPUyZtc2QNbJE-tkcQHg49ZmCLAm1J3Y3FOwC5pCk1HAcVd68G9Lmu6sDgnHGAbD-iM5eF3BwUxpYY', 'width': 1000}]",ChIJS1YeVrJqkFQRq6GDwk2BvBI,"{'compound_code': 'JM56+G5 Seattle, Washington, USA', 'global_code': '84VVJM56+G5'}",4.4,ChIJS1YeVrJqkFQRq6GDwk2BvBI,"['lodging', 'point_of_interest', 'establishment']",1548,105 Pike St," Seattle, WA 98101, United States"
OPERATIONAL,"110 6th Ave N, Seattle, WA 98109, United States","{'location': {'lat': 47.6188227, 'lng': -122.3446415}, 'viewport': {'northeast': {'lat': 47.62024587989272, 'lng': -122.3434835701073}, 'southwest': {'lat': 47.61754622010728, 'lng': -122.3461832298927}}}",https://maps.gstatic.com/mapfiles/place_api/icons/v1/png_71/lodging-71.png,#909CE1,https://maps.gstatic.com/mapfiles/place_api/icons/v2/hotel_pinlet,Hyatt Place Seattle/Downtown,{'open_now': True},"[{'height': 5046, 'html_attributions': ['<a href=""https://maps.google.com/maps/contrib/106317052315034293523"">Hyatt Place Seattle/Downtown</a>'], 'photo_reference': 'ATJ83zgCVE13DCOp4aKg58LINfHxg0jP7tD1C1rz4QyQJMvi_41XylGkbYpOseZZZD3LxcVow10cGICsyVwDnhnfw6W1pO8sU-MFaZwowWVOWHPpSCWBGzTWCLUADDO8wzsOj2ZSsq1Z_sYKFLOaM2NKQsUy5N7Xq8GbI4fV3gNHMENCYc0A', 'width': 7612}]",ChIJYeeU50gVkFQRAX75OSIKADg,"{'compound_code': 'JM94+G4 Seattle, Washington, USA', 'global_code': '84VVJM94+G4'}",4.3,ChIJYeeU50gVkFQRAX75OSIKADg,"['lodging', 'point_of_interest', 'establishment']",1464,110 6th Ave N," Seattle, WA 98109, United States"
OPERATIONAL,"13050 48th Ave S, Seattle, WA 98168, United States","{'location': {'lat': 47.4859108, 'lng': -122.2691287}, 'viewport': {'northeast': {'lat': 47.48740572989272, 'lng': -122.2682209701073}, 'southwest': {'lat': 47.48470607010727, 'lng': -122.2709206298928}}}",https://maps.gstatic.com/mapfiles/place_api/icons/v1/png_71/lodging-71.png,#909CE1,https://maps.gstatic.com/mapfiles/place_api/icons/v2/hotel_pinlet,Days Inn by Wyndham Seattle South Tukwila,{'open_now': True},"[{'height': 400, 'html_attributions': ['<a href=""https://maps.google.com/maps/contrib/101022479233718786615"">Days Inn Seattle South Tukwila</a>'], 'photo_reference': 'ATJ83zjjSihEfL4Q8rhMbp6MjnpevZeY7wN0HfplRIwPzsB7vN99BFepHTiIJ9_vBy7EQYNc880x-LsyOgCz8b0QupyAUyYFlE-3kU4iIwTSG9_gTcwQnVLBWIHNU7mGymwBPPuBN45UYCVdJVP1jc-HPCh0TsyLK1xEcRNq7EEKx29CFRgi', 'width': 599}]",ChIJeVCp2CBDkFQRGTfkwCSvcx0,"{'compound_code': 'FPPJ+98 Seattle, Washington, USA', 'global_code': '84VVFPPJ+98'}",2.7,ChIJeVCp2CBDkFQRGTfkwCSvcx0,"['lodging', 'point_of_interest', 'establishment']",1601,13050 48th Ave S," Seattle, WA 98168, United States"
OPERATIONAL,"800 Fairview Ave N, Seattle, WA 98109, United States","{'location': {'lat': 47.62639619999999, 'lng': -122.3331541}, 'viewport': {'northeast': {'lat': 47.62795917989272, 'lng': -122.3321551201073}, 'southwest': {'lat': 47.62525952010727, 'lng': -122.3348547798928}}}",https://maps.gstatic.com/mapfiles/place_api/icons/v1/png_71/lodging-71.png,#909CE1,https://maps.gstatic.com/mapfiles/place_api/icons/v2/hotel_pinlet,Residence Inn by Marriott Seattle Downtown/Lake Union,,"[{'height': 320, 'html_attributions': ['<a href=""https://maps.google.com/maps/contrib/100609108196931691053"">Residence Inn Seattle Downtown/Lake Union</a>'], 'photo_reference': 'ATJ83zgSntcQoPW0_tqYiWFu47t4CwSb2Nukrd85bwb0_K6FfWZWzNNQbTJEJosazMO-bTlWI_HV2hVPeRqXF_hwilsInwGTg2z6-rHvBRCh4wfIHqNqR9_4U-bOZg2BHiW3Zzyr8qq9xGVDB9myDyTThSbdjraEOX8YTNPsghdxdWt4iso', 'width': 480}]",ChIJOecgWzoVkFQRDRvsRuNsayk,"{'compound_code': 'JMG8+HP Seattle, Washington, USA', 'global_code': '84VVJMG8+HP'}",4.2,ChIJOecgWzoVkFQRDRvsRuNsayk,"['lodging', 'point_of_interest', 'establishment']",1447,800 Fairview Ave N," Seattle, WA 98109, United States"
OPERATIONAL,"808 Howell St, Seattle, WA 98101, United States","{'location': {'lat': 47.6143837, 'lng': -122.3340172}, 'viewport': {'northeast': {'lat': 47.61614707989273, 'lng': -122.3329792201073}, 'southwest': {'lat': 47.61344742010728, 'lng': -122.3356788798928}}}",https://maps.gstatic.com/mapfiles/place_api/icons/v1/png_71/lodging-71.png,#909CE1,https://maps.gstatic.com/mapfiles/place_api/icons/v2/hotel_pinlet,Hyatt Regency Seattle,{'open_now': True},"[{'height': 3595, 'html_attributions': ['<a href=""https://maps.google.com/maps/contrib/114173670473169785967"">A Google User</a>'], 'photo_reference': 'ATJ83zjXBSI4189JK54P83tWmHu_9kh16AcC8_LhuZPnLNfJl76pUiELu2qZuHw48pCJ7KNb496Cant4rkz5J0v7l47UG-J2Dxw7SjDOYAP_v9UjqGt5anR79XNNScY4QpaxwcrZUiCv--uicuAHA1yPSmXKxWLFVkqDePPjtvtV1tOEdsu6', 'width': 2524}]",ChIJRwVmS-BrkFQRpAB3pO5JOuQ,"{'compound_code': 'JM78+Q9 Seattle, Washington, USA', 'global_code': '84VVJM78+Q9'}",4.6,ChIJRwVmS-BrkFQRpAB3pO5JOuQ,"['lodging', 'point_of_interest', 'establishment']",2818,808 Howell St," Seattle, WA 98101, United States"
OPERATIONAL,"255 S King St, Seattle, WA 98104, United States","{'location': {'lat': 47.5980781, 'lng': -122.33093}, 'viewport': {'northeast': {'lat': 47.59953987989272, 'lng': -122.3296023201073}, 'southwest': {'lat': 47.59684022010728, 'lng': -122.3323019798927}}}",https://maps.gstatic.com/mapfiles/place_api/icons/v1/png_71/lodging-71.png,#909CE1,https://maps.gstatic.com/mapfiles/place_api/icons/v2/hotel_pinlet,Embassy Suites by Hilton Seattle Downtown Pioneer Square,,"[{'height': 3000, 'html_attributions': ['<a href=""https://maps.google.com/maps/contrib/102893943672602433454"">A Google User</a>'], 'photo_reference': 'ATJ83ziEo00UBSj-q3wTy3XRjrbChJR3dAEtlFIi9Gsz5i2AkhUcLy25nGNs2JPvdEIR1or_TwJjv0Imve2Nai_G6Hq90trrAoYGyP-PYw7noFx6jqA_z7I_rGcMYuE-5ZIemQuyxq6ZOZyiGxQFrKDzOMS6_37DZj9jFU5plnMyVZ5gC--J', 'width': 4500}]",ChIJB888rKRqkFQRSzpRe8ppt5g,"{'compound_code': 'HMX9+6J Seattle, Washington, USA', 'global_code': '84VVHMX9+6J'}",4.5,ChIJB888rKRqkFQRSzpRe8ppt5g,"['lodging', 'point_of_interest', 'establishment']",1731,255 S King St," Seattle, WA 98104, United States"
OPERATIONAL,"1100 Broadway, Seattle, WA 98122, United States","{'location': {'lat': 47.611649, 'lng': -122.3202786}, 'viewport': {'northeast': {'lat': 47.61298737989272, 'lng': -122.3192152201073}, 'southwest': {'lat': 47.61028772010728, 'lng': -122.3219148798927}}}",https://maps.gstatic.com/mapfiles/place_api/icons/v1/png_71/lodging-71.png,#909CE1,https://maps.gstatic.com/mapfiles/place_api/icons/v2/hotel_pinlet,Silver Cloud Hotel - Seattle Broadway,{'open_now': True},"[{'height': 1365, 'html_attributions': ['<a href=""https://maps.google.com/maps/contrib/106993434419744846447"">Silver Cloud Hotel - Seattle Broadway</a>'], 'photo_reference': 'ATJ83zjy7xjqTJ5ztk5QF1hkfBOdhJGiqbGMLR7N1TFtgIPS3SLSqxoSrBwtW4n13LWEpZDLZCGbDLJbA_WE5jOZrxM5PqxMADeVBDCj0wcTRvbpOs44DLZBul0_Kstrag8ND-ikDpUAv978P0ZbkqXMixkQjV2apwzpRl01xbwPGMJzawO8', 'width': 2048}]",ChIJzWutXMlqkFQREEbv9-92p4I,"{'compound_code': 'JM6H+MV Seattle, Washington, USA', 'global_code': '84VVJM6H+MV'}",4.4,ChIJzWutXMlqkFQREEbv9-92p4I,"['lodging', 'point_of_interest', 'establishment']",1203,1100 Broadway," Seattle, WA 98122, United States"
